-- phpMyAdmin SQL Dump
-- version 4.6.6
-- https://www.phpmyadmin.net/
--
-- Хост: localhost
-- Время создания: Сен 09 2017 г., 21:04
-- Версия сервера: 5.7.18-16-beget-5.7.18-16-2-1-log
-- Версия PHP: 5.6.30

SET SQL_MODE = "NO_AUTO_VALUE_ON_ZERO";
SET time_zone = "+00:00";


/*!40101 SET @OLD_CHARACTER_SET_CLIENT=@@CHARACTER_SET_CLIENT */;
/*!40101 SET @OLD_CHARACTER_SET_RESULTS=@@CHARACTER_SET_RESULTS */;
/*!40101 SET @OLD_COLLATION_CONNECTION=@@COLLATION_CONNECTION */;
/*!40101 SET NAMES utf8mb4 */;

--
-- База данных: `vitality_list`
--

-- --------------------------------------------------------

--
-- Структура таблицы `cityes`
--
-- Создание: Сен 09 2017 г., 17:26
-- Последнее обновление: Сен 09 2017 г., 17:26
--

DROP TABLE IF EXISTS `cityes`;
CREATE TABLE `cityes` (
  `city_id` int(11) NOT NULL,
  `name` varchar(30) CHARACTER SET utf8 COLLATE utf8_unicode_ci NOT NULL
) ENGINE=InnoDB DEFAULT CHARSET=utf8 ROW_FORMAT=COMPACT;

--
-- Дамп данных таблицы `cityes`
--

INSERT INTO `cityes` (`city_id`, `name`) VALUES
(1, 'Москва'),
(2, 'Санкт-Петербург'),
(3, 'Новосибирск'),
(4, 'Екатеринбург'),
(5, 'Нижний Новгород'),
(6, 'Казань'),
(7, 'Челябинск'),
(8, 'Омск'),
(9, 'Самара'),
(10, 'Ростов-на-Дону'),
(11, 'Уфа'),
(12, 'Красноярск'),
(13, 'Пермь'),
(14, 'Воронеж'),
(15, 'Волгоград'),
(16, 'Краснодар'),
(17, 'Саратов'),
(18, 'Тюмень'),
(19, 'Тольятти'),
(20, 'Ижевск'),
(21, 'Барнаул'),
(22, 'Ульяновск'),
(23, 'Иркутск'),
(24, 'Хабаровск'),
(25, 'Ярославль'),
(26, 'Владивосток'),
(27, 'Махачкала'),
(28, 'Томск'),
(29, 'Оренбург'),
(30, 'Кемерово'),
(31, 'Новокузнецк'),
(32, 'Рязань'),
(33, 'Астрахань'),
(34, 'Набережные Челны'),
(35, 'Пенза'),
(36, 'Липецк'),
(37, 'Киров'),
(38, 'Чебоксары'),
(39, 'Тула'),
(40, 'Калининград'),
(41, 'Балашиха'),
(42, 'Курск'),
(43, 'Ставрополь'),
(44, 'Улан - Удэ'),
(45, 'Севастополь'),
(46, 'Тверь'),
(47, 'Магнитогорск'),
(48, 'Сочи'),
(49, 'Иваново'),
(50, 'Брянск'),
(51, 'Белгород'),
(52, 'Сургут'),
(53, 'Владимир'),
(54, 'Нижний Тагил'),
(55, 'Архангельск'),
(56, 'Чита'),
(57, 'Калуга'),
(58, 'Симферополь'),
(59, 'Смоленск'),
(60, 'Волжский'),
(61, 'Курган'),
(62, 'Череповец'),
(63, 'Орёл'),
(64, 'Саранск'),
(65, 'Вологда'),
(66, 'Якутск'),
(67, 'Владикавказ'),
(68, 'Подольск'),
(69, 'Мурманск'),
(70, 'Грозный'),
(71, 'Тамбов'),
(72, 'Стерлитамак'),
(73, 'Петрозаводск'),
(74, 'Кострома'),
(75, 'Нижневартовск'),
(76, 'Новороссийск'),
(77, 'Йошкар-Ола'),
(78, 'Таганрог'),
(79, 'Комсомольск-на-Амуре'),
(80, 'Химки'),
(81, 'Сыктывкар'),
(82, 'Нальчик'),
(83, 'Нижнекамск'),
(84, 'Шахты'),
(85, 'Дзержинск'),
(86, 'Братск'),
(87, 'Орск'),
(88, 'Ангарск'),
(89, 'Энгельс'),
(90, 'Благовещенск'),
(91, 'Старый Оскол'),
(92, 'Великий Новгород'),
(93, 'Королёв'),
(94, 'Псков'),
(95, 'Мытищи'),
(96, 'Бийск'),
(97, 'Люберцы'),
(98, 'Прокопьевск'),
(99, 'Южно-Сахалинск'),
(100, 'Балаково'),
(101, 'Армавир'),
(102, 'Рыбинск'),
(103, 'Северодвинск'),
(104, 'Абакан'),
(105, 'Петропавловск-Камчатский'),
(106, 'Норильск'),
(107, 'Сызрань'),
(108, 'Волгодонск'),
(109, 'Уссурийск'),
(110, 'Каменск - Уральский'),
(111, 'Новочеркасск'),
(112, 'Златоуст'),
(113, 'Электросталь'),
(114, 'Альметьевск'),
(115, 'Красногорск'),
(116, 'Салават'),
(117, 'Миасс'),
(118, 'Находка'),
(119, 'Керчь'),
(120, 'Копейск'),
(121, 'Пятигорск'),
(122, 'Рубцовск'),
(123, 'Березники'),
(124, 'Коломна'),
(125, 'Майкоп'),
(126, 'Одинцово'),
(127, 'Хасавюрт'),
(128, 'Ковров'),
(129, 'Кисловодск'),
(130, 'Нефтекамск'),
(131, 'Нефтеюганск'),
(132, 'Новочебоксарск'),
(133, 'Серпухов'),
(134, 'Щёлково'),
(135, 'Новомосковск'),
(136, 'Батайск'),
(137, 'Первоуральск'),
(138, 'Домодедово'),
(139, 'Дербент'),
(140, 'Черкесск'),
(141, 'Орехово-Зуево'),
(142, 'Невинномысск'),
(143, 'Димитровград'),
(144, 'Назрань'),
(145, 'Кызыл'),
(146, 'Октябрьский'),
(147, 'Обнинск'),
(148, 'Каспийск'),
(149, 'Новый Уренгой'),
(150, 'Раменское'),
(151, 'Камышин'),
(152, 'Муром'),
(153, 'Жуковский'),
(154, 'Новошахтинск'),
(155, 'Северск'),
(156, 'Ессентуки'),
(157, 'Ноябрьск'),
(158, 'Артем'),
(159, 'Пушкино'),
(160, 'Евпатория'),
(161, 'Ачинск'),
(162, 'Елец'),
(163, 'Сергиев Посад'),
(164, 'Арзамас'),
(165, 'Долгопрудный'),
(166, 'Элиста'),
(167, 'Бердск'),
(168, 'Новокуйбышевск'),
(169, 'Ногинск'),
(170, 'Железногорск');

-- --------------------------------------------------------

--
-- Структура таблицы `qualification`
--
-- Создание: Сен 09 2017 г., 17:26
-- Последнее обновление: Сен 09 2017 г., 17:26
--

DROP TABLE IF EXISTS `qualification`;
CREATE TABLE `qualification` (
  `id` int(11) NOT NULL,
  `name` varchar(32) CHARACTER SET utf8 COLLATE utf8_unicode_ci NOT NULL
) ENGINE=InnoDB DEFAULT CHARSET=utf8;

--
-- Дамп данных таблицы `qualification`
--

INSERT INTO `qualification` (`id`, `name`) VALUES
(1, 'Не определено'),
(2, 'Среднее профессиональное'),
(3, 'Среднее общее (11 кл.)'),
(4, 'Основное общее (9 кл.)'),
(5, 'Высшее профессиональное'),
(6, 'Неполное высшее'),
(7, 'Не имеющие основного общего'),
(8, 'Послевузовское профессиональное'),
(9, 'Высшее, доктор наук'),
(10, 'Высшее, кандидат наук'),
(11, 'Высш.проф., \"бакалавр\"'),
(12, 'Высш.проф., \"дипл. специалист\"'),
(13, 'Высш.проф., \"магистр\"');

-- --------------------------------------------------------

--
-- Структура таблицы `users`
--
-- Создание: Сен 09 2017 г., 17:26
-- Последнее обновление: Сен 09 2017 г., 17:26
--

DROP TABLE IF EXISTS `users`;
CREATE TABLE `users` (
  `user_id` int(11) NOT NULL,
  `name` varchar(50) CHARACTER SET utf8 COLLATE utf8_unicode_ci NOT NULL,
  `qualification_id` int(11) NOT NULL
) ENGINE=InnoDB DEFAULT CHARSET=utf8;

--
-- Дамп данных таблицы `users`
--

INSERT INTO `users` (`user_id`, `name`, `qualification_id`) VALUES
(1, 'Алексеев Эммануил Архипович', 6),
(2, 'Семериков Тимофей Егорович', 1),
(3, 'Полушин Лукьян Артемиевич', 4),
(4, 'Элиашева Каролина Георгиевна', 8),
(5, 'Лисицын Всеволод Родионович', 9),
(6, 'Рытова Бронислава Святославовна', 4),
(7, 'Саянкин Фадей Ефремович', 13),
(8, 'Татаринов Давид Филиппович', 3),
(9, 'Кабальнова Марина Василиевна', 3),
(10, 'Суснин Мартын Матвеевич', 1),
(11, 'Кураев Харитон Касьянович', 4),
(12, 'Пищиков Евгений Андреевич', 10),
(13, 'Завразина Ангелина Юлиевна', 7),
(14, 'Карявина Марфа Ростиславовна', 7),
(15, 'Веселова Валентина Олеговна', 5),
(16, 'Родзянко Наталия Карповна', 10),
(17, 'Страхова Вера Вячеславовна', 3),
(18, 'Ярушина Вероника Игнатиевна', 10),
(19, 'Андрюхина Ефросинья Юлиевна', 11),
(20, 'Трошкина Майя Серафимовна', 10),
(21, 'Емельянов Евгений Карлович', 11),
(22, 'Нежданов Лавр Трофимович', 13),
(23, 'Истомина Раиса Никитевна', 5),
(24, 'Клепахов Вениамин Валерьянович', 4),
(25, 'Глоба Дина Степановна', 11),
(26, 'Ухова Рада Филипповна', 3),
(27, 'Ожогина Ксения Юлиевна', 6),
(28, 'Яимова Александра Геннадиевна', 10),
(29, 'Яблоков Вадим Казимирович', 3),
(30, 'Керимбаева Бронислава Олеговна', 6),
(31, 'Слобожанин Адриан Ильевич', 4),
(32, 'Жиренкова Кристина Феликсовна', 12),
(33, 'Николаичев Никон Святославович', 3),
(34, 'Мишин Иван Аполлинариевич', 6),
(35, 'Самохина Ефросиния Емельяновна', 2),
(36, 'Андреюшкина Светлана Игоревна', 13),
(37, 'Домашев Ефрем Филимонович', 3),
(38, 'Кутякова Софья Иларионовна', 12),
(39, 'Шульдешова Розалия Родионовна', 7),
(40, 'Семянин Платон Матвеевич', 8),
(41, 'Курбатов Артур Брониславович', 7),
(42, 'Комягина Екатерина Виталиевна', 11),
(43, 'Тимирёва Людмила Елизаровна', 12),
(44, 'Балаев Яков Григориевич', 5),
(45, 'Швецов Максимильян Маркович', 4),
(46, 'Сизова Злата Родионовна', 13),
(47, 'Должикова Ефросинья Елисеевна', 6),
(48, 'Янчевский Аристарх Ерофеевич', 8),
(49, 'Чекмарёва Лариса Ефимовна', 8),
(50, 'Шульгин Лука Иванович', 2),
(51, 'Гершельмана Ефросиния Давидовна', 1),
(52, 'Рамазанова Инга Олеговна', 2),
(53, 'Язькова Светлана Игоревна', 9),
(54, 'Набойщиков Емельян Сигизмундович', 5),
(55, 'Смехова Василиса Антониновна', 5),
(56, 'Гречко Матвей Егорович', 2),
(57, 'Калмыков Анатолий Титович', 3),
(58, 'Лобза Арина Казимировна', 5),
(59, 'Самарина Христина Степановна', 3),
(60, 'Седых Никанор Ермолаевич', 9);

-- --------------------------------------------------------

--
-- Структура таблицы `users_cityes`
--
-- Создание: Сен 09 2017 г., 17:59
-- Последнее обновление: Сен 09 2017 г., 17:59
--

DROP TABLE IF EXISTS `users_cityes`;
CREATE TABLE `users_cityes` (
  `user_id` int(11) NOT NULL,
  `city_id` int(11) NOT NULL
) ENGINE=InnoDB DEFAULT CHARSET=utf8 ROW_FORMAT=COMPACT;

--
-- Дамп данных таблицы `users_cityes`
--

INSERT INTO `users_cityes` (`user_id`, `city_id`) VALUES
(1, 1),
(1, 2),
(2, 2),
(3, 3),
(4, 4),
(5, 5),
(6, 6),
(7, 7),
(8, 8),
(9, 9),
(10, 10),
(11, 11),
(12, 12),
(13, 13),
(14, 14),
(15, 15),
(16, 16),
(17, 17),
(18, 18),
(19, 19),
(20, 20),
(21, 21),
(22, 22),
(23, 23),
(24, 24),
(25, 25),
(26, 26),
(27, 27),
(28, 28),
(29, 29),
(30, 30),
(31, 31),
(32, 32),
(33, 33),
(34, 34),
(35, 35),
(36, 36),
(37, 37),
(38, 38),
(39, 39),
(40, 40),
(41, 41),
(42, 42),
(43, 43),
(44, 44),
(45, 45),
(46, 46),
(47, 47),
(48, 48),
(49, 49),
(50, 50),
(51, 51),
(52, 52),
(53, 53),
(54, 54),
(55, 55),
(56, 56),
(57, 57),
(58, 58),
(59, 59),
(60, 60),
(26, 115),
(14, 88),
(49, 121),
(12, 138),
(47, 47),
(10, 15),
(32, 120),
(40, 142),
(43, 61),
(9, 79),
(15, 10),
(8, 95),
(33, 169),
(23, 23),
(4, 50),
(1, 3),
(45, 5),
(37, 29),
(42, 147),
(58, 123),
(35, 22),
(4, 70),
(27, 18),
(57, 58),
(45, 68),
(59, 167),
(22, 63),
(57, 57),
(51, 22),
(13, 9),
(22, 37),
(21, 65),
(8, 116),
(38, 69),
(12, 128),
(31, 167),
(53, 15),
(7, 46),
(40, 148),
(6, 125),
(38, 108),
(41, 7),
(32, 1),
(5, 32),
(51, 130),
(42, 139),
(27, 73),
(17, 114),
(46, 133),
(2, 76),
(42, 134),
(48, 32),
(43, 167),
(60, 43),
(21, 128),
(50, 69),
(17, 98),
(39, 33),
(21, 139),
(27, 48),
(4, 140),
(43, 133),
(36, 86),
(57, 77),
(30, 26),
(11, 127),
(9, 80),
(35, 16),
(43, 129),
(3, 108),
(52, 170),
(38, 97),
(3, 52),
(18, 65),
(41, 157),
(20, 36),
(58, 146),
(6, 130),
(36, 101),
(59, 122),
(45, 14),
(54, 56),
(27, 125),
(53, 119),
(51, 152),
(18, 94),
(20, 11),
(3, 25),
(6, 25),
(3, 120),
(16, 81),
(52, 35),
(55, 92),
(20, 117),
(34, 106),
(46, 136),
(21, 45),
(59, 38),
(22, 126),
(2, 139),
(51, 58),
(6, 29),
(46, 162),
(52, 75),
(46, 165),
(24, 139),
(26, 76),
(39, 46),
(13, 2),
(35, 89),
(53, 97),
(28, 105),
(55, 146),
(15, 77),
(53, 111),
(58, 14),
(57, 60),
(52, 136),
(1, 25);

--
-- Индексы сохранённых таблиц
--

--
-- Индексы таблицы `cityes`
--
ALTER TABLE `cityes`
  ADD PRIMARY KEY (`city_id`);

--
-- Индексы таблицы `qualification`
--
ALTER TABLE `qualification`
  ADD PRIMARY KEY (`id`);

--
-- Индексы таблицы `users`
--
ALTER TABLE `users`
  ADD PRIMARY KEY (`user_id`),
  ADD KEY `qualification_id` (`qualification_id`);

--
-- Индексы таблицы `users_cityes`
--
ALTER TABLE `users_cityes`
  ADD KEY `user_id` (`user_id`),
  ADD KEY `city_id` (`city_id`);

--
-- AUTO_INCREMENT для сохранённых таблиц
--

--
-- AUTO_INCREMENT для таблицы `cityes`
--
ALTER TABLE `cityes`
  MODIFY `city_id` int(11) NOT NULL AUTO_INCREMENT, AUTO_INCREMENT=171;
--
-- AUTO_INCREMENT для таблицы `qualification`
--
ALTER TABLE `qualification`
  MODIFY `id` int(11) NOT NULL AUTO_INCREMENT, AUTO_INCREMENT=14;
--
-- AUTO_INCREMENT для таблицы `users`
--
ALTER TABLE `users`
  MODIFY `user_id` int(11) NOT NULL AUTO_INCREMENT, AUTO_INCREMENT=61;
/*!40101 SET CHARACTER_SET_CLIENT=@OLD_CHARACTER_SET_CLIENT */;
/*!40101 SET CHARACTER_SET_RESULTS=@OLD_CHARACTER_SET_RESULTS */;
/*!40101 SET COLLATION_CONNECTION=@OLD_COLLATION_CONNECTION */;
